USE hospital;

DELETE FROM Consulta;
DELETE FROM HistorialMedico;
DELETE FROM Paciente;
DELETE FROM Medico;
DELETE FROM Especialidade;
DELETE FROM SeguroSaude;
DELETE FROM Medicamentos;
DELETE FROM Exames;
DELETE FROM Inventario;

INSERT INTO SeguroSaude (identificador, seguradora, validade, percentgem)
VALUES
  (1, 'Insurance Co.', '2024-12-31', 80),
  (2, 'Health Insurance Ltd.', '2023-06-30', 75),
  (3, 'Medical Insurance Corp.', '2023-12-31', 90),
  (4, 'ABC Insurance', '2024-12-31', 80.0),
(5, 'XYZ Health', '2023-09-30', 90.0),
(6, 'HealthCare Inc.', '2025-06-15', 75.0),
(7, 'Best Health Plans', '2024-03-31', 85.0),
(8, 'SecureHealth', '2023-11-30', 95.0),
(9, 'Global Assurance', '2025-02-28', 70.0),
(10, 'TotalCare', '2024-07-15', 80.0),
(11, 'Unity Health', '2023-06-30', 90.0),
(12, 'Reliable Insurers', '2025-05-31', 75.0),
(13, 'Wellness Providers', '2024-02-28', 85.0);

INSERT INTO Paciente (identificador, nome, nascimento, idade, genero, morada, telefone, email, emergencia, id_seguro)
VALUES
  (1, 'John Doe', '1990-05-15', 31, 'M', '123 Main St', 123456789, 'john@example.com', 987654321, 7),
(2, 'Jane Smith', '1985-09-20', 36, 'F', '456 Elm St', 987654321, 'jane@example.com', 123456789, 10),
(3, 'Robert Johnson', '1978-03-10', 43, 'M', '789 Oak St', 555555555, 'robert@example.com', 555555555, 3),
(4, 'Sarah Johnson', '1992-08-25', 31, 'F', '567 Maple Ave', 789456123, 'sarah@example.com', 987654321, 8),
(5, 'Michael Davis', '1987-06-12', 36, 'M', '890 Cherry St', 369852147, 'michael@example.com', 123456789, 5),
(6, 'Emily Wilson', '1995-02-18', 28, 'F', '321 Oakwood Dr', 654789321, 'emily@example.com', 555555555, 12),
(7, 'David Anderson', '1980-11-30', 41, 'M', '456 Pine Rd', 741852963, 'david@example.com', 777777777, 2),
(8, 'Olivia Thompson', '1998-04-05', 23, 'F', '789 Elmwood Ave', 852963741, 'olivia@example.com', 888888888, 9),
(9, 'Ethan Garcia', '1982-09-10', 41, 'M', '963 Birch Ln', 258741369, 'ethan@example.com', 222222222, 6),
(10, 'Ava Martin', '1993-07-20', 28, 'F', '147 Willow St', 963258741, 'ava@example.com', 999999999, 4),
(11, 'Benjamin Lee', '1989-03-15', 32, 'M', '258 Cedar Ave', 147369852, 'benjamin@example.com', 666666666, 1),
(12, 'Mia Hernandez', '1996-01-07', 27, 'F', '369 Oakdale Dr', 963147852, 'mia@example.com', 444444444, 11),
(13, 'Alexander Clark', '1983-12-22', 38, 'M', '852 Maplewood Ave', 741963852, 'alexander@example.com', 111111111, 13),
(14, 'Sophia Johnson', '1990-07-15', 31, 'F', '123 Main St', 123456789, 'sophia.johnson@example.com', 987654321, 3),
(15, 'Oliver Smith', '1985-04-22', 36, 'M', '456 Elm St', 987654321, 'oliver.smith@example.com', 123456789, 7),
(16, 'Ava Brown', '1992-09-10', 29, 'F', '789 Oak St', 456789013, 'ava.brown@example.com', 654321987, 12),
(17, 'William Taylor', '1980-03-25', 42, 'M', '321 Maple St', 789012356, 'william.taylor@example.com', 321987654, 5),
(18, 'Mia Miller', '1995-12-07', 26, 'F', '654 Pine St', 210987654, 'mia.miller@example.com', 987654321, 1),
(19, 'James Anderson', '1982-06-18', 39, 'M', '987 Cedar St', 543219876, 'james.anderson@example.com', 654321987, 8),
(20, 'Charlotte Wilson', '1998-01-31', 24, 'F', '456 Birch St', 678012345, 'charlotte.wilson@example.com', 321987654, 2),
(21, 'Benjamin Johnson', '1978-08-12', 43, 'M', '789 Oak St', 901245678, 'benjamin.johnson@example.com', 987654321, 9),
(22, 'Amelia Smith', '1991-05-25', 30, 'F', '123 Main St', 234567801, 'amelia.smith@example.com', 654321987, 6),
(23, 'Henry Brown', '1987-10-08', 34, 'M', '456 Elm St', 567890134, 'henry.brown@example.com', 321987654, 11),
(24, 'Ella Taylor', '1994-02-21', 27, 'F', '789 Oak St', 890123567, 'ella.taylor@example.com', 987654321, 4),
(25, 'Alexander Miller', '1983-07-04', 38, 'M', '321 Maple St', 1234567890, 'alexander.miller@example.com', 654321987, 13),
(26, 'Sofia Anderson', '1999-04-17', 23, 'F', '654 Pine St', 567890123, 'sofia.anderson@example.com', 321987654, 10),
(27, 'Michael Wilson', '1979-09-30', 42, 'M', '987 Cedar St', 789123456, 'michael.wilson@example.com', 987654321, 7),
(28, 'Avery Brown', '1993-12-13', 28, 'F', '456 Birch St', 210987654, 'avery.brown@example.com', 654321987, 2),
(29, 'Emily Johnson', '1986-05-26', 35, 'F', '789 Oak St', 543210987, 'emily.johnson@example.com', 321987654, 9),
(30, 'Daniel Smith', '1997-10-09', 24, 'M', '123 Main St', 678901234, 'daniel.smith@example.com', 987654321, 6),
(31, 'Scarlett Taylor', '1984-03-22', 37, 'F', '456 Elm St', 901234578, 'scarlett.taylor@example.com', 654321987, 11),
(32, 'Madison Miller', '1990-08-05', 31, 'F', '789 Oak St', 234567891, 'madison.miller@example.com', 321987654, 4),
(33, 'Jack Anderson', '1981-01-18', 40, 'M', '321 Maple St', 567890124, 'jack.anderson@example.com', 987654321, 13),
(34, 'Lily Wilson', '1996-06-30', 25, 'F', '654 Pine St', 890123456, 'lily.wilson@example.com', 654321987, 10),
(35, 'Owen Brown', '1988-11-12', 33, 'M', '987 Cedar St', 123456789, 'owen.brown@example.com', 321987654, 7),
(36, 'Chloe Johnson', '1991-04-25', 30, 'F', '456 Birch St', 456780123, 'chloe.johnson@example.com', 987654321, 2),
(37, 'Daniel Smith', '1977-09-07', 44, 'M', '789 Oak St', 789012356, 'daniel.smith@example.com', 654321987, 9),
(38, 'Zoey Anderson', '1994-02-20', 27, 'F', '123 Main St', 210976543, 'zoey.anderson@example.com', 321987654, 6),
(39, 'Joseph Taylor', '1989-07-05', 32, 'M', '456 Elm St', 543209876, 'joseph.taylor@example.com', 987654321, 11),
(40, 'Aubrey Miller', '1998-12-18', 23, 'F', '789 Oak St', 678012345, 'aubrey.miller@example.com', 654321987, 10),
(41, 'Grace Wilson', '1985-05-01', 36, 'F', '321 Maple St', 912345678, 'grace.wilson@example.com', 321987654, 3),
(42, 'Carter Brown', '1992-10-14', 29, 'M', '654 Pine St', 234678901, 'carter.brown@example.com', 987654321, 12),
(43, 'Victoria Johnson', '1980-03-27', 41, 'F', '987 Cedar St', 578901234, 'victoria.johnson@example.com', 654321987, 9),
(44, 'Henry Smith', '1995-08-10', 26, 'M', '456 Birch St', 890124567, 'henry.smith@example.com', 321987654, 2),
(45, 'Penelope Taylor', '1983-01-23', 38, 'F', '789 Oak St', 123567890, 'penelope.taylor@example.com', 987654321, 7),
(46, 'Levi Anderson', '2000-06-05', 23, 'M', '321 Maple St', 457890123, 'levi.anderson@example.com', 654321987, 10),
(47, 'Hannah Wilson', '1979-11-18', 42, 'F', '654 Pine St', 780123456, 'hannah.wilson@example.com', 321987654, 3),
(48, 'Samuel Brown', '1993-04-01', 28, 'M', '987 Cedar St', 210987654, 'samuel.brown@example.com', 987654321, 6),
(49, 'Elizabeth Johnson', '1986-09-14', 35, 'F', '123 Main St', 543210987, 'elizabeth.johnson@example.com', 654321987, 11),
(50, 'Andrew Smith', '1997-02-27', 26, 'M', '456 Elm St', 876543219, 'andrew.smith@example.com', 321987654, 4);



INSERT INTO Especialidade (identificador, nome)
VALUES
  (1, 'Cardiology'),
  (2, 'Orthopedics'),
  (3, 'Pediatrics'),
  (4, 'Gynecology'),
(5, 'Dermatology'),
(6, 'Neurology'),
(7, 'Ophthalmology'),
(8, 'Psychiatry'),
(9, 'Radiology'),
(10, 'Urology'),
(11, 'Endocrinology'),
(12, 'Gastroenterology'),
(13, 'Hematology');

INSERT INTO Medico (identificador, nome, idade, genero, morada, telefone, email, idEspecialidade)
VALUES
  (1, 'Dr. Smith', 40, 'M', '789 Elm St', 987654321, 'smith@example.com', 1),
  (2, 'Dr. Johnson', 35, 'M', '456 Oak St', 123456789, 'johnson@example.com', 2),
  (3, 'Dr. Davis', 50, 'F', '123 Main St', 555555555, 'davis@example.com', 3),
  (4, 'Dr. Wilson', 45, 'M', '456 Maple Ave', 789456123, 'wilson@example.com', 4),
(5, 'Dr. Anderson', 38, 'M', '789 Cherry St', 369852147, 'anderson@example.com', 5),
(6, 'Dr. Garcia', 52, 'M', '123 Oakwood Dr', 654789321, 'garcia@example.com', 6),
(7, 'Dr. Thompson', 41, 'F', '321 Pine Rd', 741852963, 'thompson@example.com', 7),
(8, 'Dr. Rodriguez', 37, 'M', '654 Elmwood Ave', 852963741, 'rodriguez@example.com', 8),
(9, 'Dr. Martinez', 49, 'F', '987 Birch Ln', 258741369, 'martinez@example.com', 9),
(10, 'Dr. White', 43, 'M', '369 Willow St', 963258741, 'white@example.com', 10),
(11, 'Dr. Lewis', 39, 'M', '258 Cedar Ave', 147369852, 'lewis@example.com', 11),
(12, 'Dr. Hernandez', 42, 'F', '456 Oakdale Dr', 963147852, 'hernandez@example.com', 12),
(13, 'Dr. Clark', 36, 'M', '852 Maplewood Ave', 741963852, 'clark@example.com', 13);

INSERT INTO Consulta (identificador, data_consulta, idMedico, idPaciente)
VALUES
(1, '2023-01-01', 1, 1),
(2, '2023-02-02', 2, 2),
(3, '2023-03-03', 3, 3),
(4, '2023-04-04', 4, 4),
(5, '2023-05-05', 5, 5),
(6, '2023-06-06', 6, 6),
(7, '2023-07-07', 7, 7),
(8, '2023-08-08', 8, 8),
(9, '2023-09-09', 9, 9),
(10, '2023-10-10', 10, 10),
(11, '2023-11-11', 11, 11),
(12, '2023-12-12', 12, 12),
(13, '2023-12-13', 13, 13),
(14, '2023-12-14', 4, 5),
(15, '2023-12-15', 5, 6),
(16, '2023-12-16', 6, 7),
(17, '2023-12-17', 7, 8),
(18, '2023-12-18', 8, 9),
(19, '2023-12-19', 9, 10),
(20, '2023-12-20', 10, 11),
(21, '2023-12-21', 11, 12),
(22, '2023-12-22', 12, 13),
(23, '2023-12-23', 13, 4),
(24, '2023-12-24', 1, 14),
(25, '2023-12-25', 2, 15),
(26, '2023-12-26', 3, 16),
(27, '2023-12-27', 4, 17),
(28, '2023-12-28', 1, 18),
(29, '2023-12-29', 2, 19),
(30, '2023-12-30', 3, 20),
(31, '2023-12-31', 4, 21),
(32, '2023-01-01', 1, 22),
(33, '2023-02-02', 2, 23),
(34, '2023-03-03', 3, 24),
(35, '2023-04-04', 4, 25),
(36, '2023-05-05', 1, 26),
(37, '2023-06-06', 2, 27),
(38, '2023-07-07', 3, 28),
(39, '2023-08-08', 4, 29),
(40, '2023-09-09', 1, 30),
(41, '2023-10-10', 2, 31),
(42, '2023-11-11', 3, 32),
(43, '2023-12-12', 4, 33),
(44, '2023-12-13', 1, 34),
(45, '2023-12-14', 2, 35),
(46, '2023-12-15', 3, 36),
(47, '2023-12-16', 4, 37),
(48, '2023-12-17', 1, 38),
(49, '2023-12-18', 2, 39),
(50, '2023-12-19', 3, 40),
(51, '2023-12-20', 4, 41),
(52, '2023-12-21', 1, 42),
(53, '2023-12-22', 2, 43),
(54, '2023-12-23', 3, 44),
(55, '2023-12-24', 4, 45),
(56, '2023-12-25', 1, 46),
(57, '2023-12-26', 2, 47),
(58, '2023-12-27', 3, 48),
(59, '2023-12-28', 4, 49),
(60, '2023-12-29', 1, 50),
(61, '2023-01-01', 1, 1),
(62, '2023-02-02', 2, 2),
(63, '2023-03-03', 3, 3),
(64, '2023-04-04', 4, 4),
(65, '2023-05-05', 1, 5),
(66, '2023-06-06', 2, 6),
(67, '2023-07-07', 3, 7),
(68, '2023-08-08', 4, 8),
(69, '2023-09-09', 1, 9),
(70, '2023-10-10', 2, 10),
(71, '2023-11-11', 3, 11),
(72, '2023-12-12', 4, 12),
(73, '2023-12-13', 1, 13),
(74, '2023-12-14', 2, 14),
(75, '2023-12-15', 3, 15),
(76, '2023-12-16', 4, 16),
(77, '2023-12-17', 1, 17),
(78, '2023-12-18', 2, 18),
(79, '2023-12-19', 3, 19),
(80, '2023-12-20', 4, 20),
(81, '2023-12-21', 1, 21),
(82, '2023-12-22', 2, 22),
(83, '2023-12-23', 3, 23),
(84, '2023-12-24', 4, 24),
(85, '2023-12-25', 1, 25),
(86, '2023-12-26', 2, 26),
(87, '2023-12-27', 3, 27),
(88, '2023-12-28', 4, 28),
(89, '2023-12-29', 1, 29),
(90, '2023-12-30', 2, 30),
(91, '2023-12-31', 3, 31),
(92, '2023-01-01', 4, 32),
(93, '2023-02-02', 1, 33),
(94, '2023-03-03', 2, 34),
(95, '2023-04-04', 3, 35),
(96, '2023-05-05', 4, 36),
(97, '2023-06-06', 1, 37),
(98, '2023-07-07', 2, 38),
(99, '2023-08-08', 3, 39),
(100, '2023-09-09', 4, 40),
(101, '2023-10-10', 1, 41),
(102, '2023-11-11', 2, 42),
(103, '2023-12-12', 3, 43),
(104, '2023-12-13', 4, 44),
(105, '2023-12-14', 1, 45),
(106, '2023-12-15', 2, 46),
(107, '2023-12-16', 3, 47),
(108, '2023-12-17', 4, 48),
(109, '2023-12-18', 1, 49),
(110, '2023-12-19', 2, 50);

INSERT INTO Medicamentos (identificador, nome, idConsulta)
VALUES
  (1, 'Aspirin', 41),
(2, 'Ibuprofen', 99),
(3, 'Paracetamol', 58),
(4, 'Paracetamol', 23),
(5, 'Ibuprofen', 81),
(6, 'Amoxicillin', 3),
(7, 'Omeprazole', 63),
(8, 'Aspirin', 79),
(9, 'Ciprofloxacin', 17),
(10, 'Acetaminophen', 36),
(11, 'Lisinopril', 91),
(12, 'Simvastatin', 5),
(13, 'Metformin', 28),
(14, 'Amoxicillin', 47),
(15, 'Ibuprofen', 75),
(16, 'Paracetamol', 9),
(17, 'Lisinopril', 29),
(18, 'Aspirin', 56),
(19, 'Metformin', 82),
(20, 'Ciprofloxacin', 38),
(21, 'Omeprazole', 12),
(22, 'Simvastatin', 67),
(23, 'Ibuprofen', 93),
(24, 'Paracetamol', 20),
(25, 'Aspirin', 45),
(26, 'Amoxicillin', 88),
(27, 'Metformin', 10),
(28, 'Ciprofloxacin', 32),
(29, 'Lisinopril', 71),
(30, 'Omeprazole', 48),
(31, 'Simvastatin', 66),
(32, 'Ibuprofen', 22),
(33, 'Paracetamol', 52);

INSERT INTO Inventario (identificador, nome)
VALUES
  (1, 'Medical Equipment A'),
  (2, 'Medical Equipment B'),
  (3, 'Medical Equipment C'),
  (4, 'Surgical Tools'),
(5, 'Bandages'),
(6, 'Syringes'),
(7, 'Stethoscope'),
(8, 'Thermometer'),
(9, 'X-ray Machine'),
(10, 'MRI Scanner'),
(11, 'EKG Machine'),
(12, 'Ultrasound Device'),
(13, 'Lab Equipment');

INSERT INTO Exames (identificador, nome, descricao, idPaciente, idInventario, idConsulta)
VALUES
	(1, 'X-ray', 'Diagnostic imaging technique', 1, 9, 63),
(2, 'Blood Test', 'Analysis of blood samples', 2, 3, 94),
(3, 'MRI', 'Magnetic resonance imaging', 3, 7, 41),
(4, 'Blood Test', 'Comprehensive blood analysis', 4, 1, 78),
(5, 'X-ray', 'Radiographic imaging for bone evaluation', 5, 5, 105),
(6, 'MRI', 'Magnetic resonance imaging for detailed scans', 6, 10, 71),
(7, 'EKG', 'Electrocardiogram for heart function analysis', 7, 11, 88),
(8, 'Ultrasound', 'Imaging technique using high-frequency sound waves', 8, 4, 50),
(9, 'CT Scan', 'Computerized tomography for detailed imaging', 9, 12, 98),
(10, 'Biopsy', 'Sample collection for pathological analysis', 10, 8, 35),
(11, 'Colonoscopy', 'Examination of the colon using a flexible tube', 11, 2, 72),
(12, 'Mammogram', 'X-ray imaging of breast tissue for screening', 12, 6, 28),
(13, 'EEG', 'Electroencephalogram for brain activity recording', 13, 13, 97),
(14, 'X-ray', 'Diagnostic imaging technique', 1, 5, 8),
(15, 'Blood Test', 'Analysis of blood samples', 2, 2, 81),
(16, 'MRI', 'Magnetic resonance imaging', 3, 9, 45),
(17, 'Blood Test', 'Comprehensive blood analysis', 4, 1, 60),
(18, 'X-ray', 'Radiographic imaging for bone evaluation', 5, 7, 2),
(19, 'MRI', 'Magnetic resonance imaging for detailed scans', 6, 4, 95),
(20, 'EKG', 'Electrocardiogram for heart function analysis', 7, 8, 46),
(21, 'Ultrasound', 'Imaging technique using high-frequency sound waves', 8, 12, 33),
(22, 'CT Scan', 'Computerized tomography for detailed imaging', 9, 10, 53),
(23, 'Biopsy', 'Sample collection for pathological analysis', 10, 6, 100),
(24, 'Colonoscopy', 'Examination of the colon using a flexible tube', 11, 11, 18),
(25, 'Mammogram', 'X-ray imaging of breast tissue for screening', 12, 3, 30),
(26, 'EEG', 'Electroencephalogram for brain activity recording', 13, 7, 67),
(27, 'Blood Test', 'Analysis of blood samples', 14, 1, 44),
(28, 'X-ray', 'Diagnostic imaging technique', 15, 9, 20),
(29, 'MRI', 'Magnetic resonance imaging', 16, 6, 55),
(30, 'Blood Test', 'Comprehensive blood analysis', 17, 8, 7),
(31, 'Ultrasound', 'Imaging technique using high-frequency sound waves', 18, 2, 15),
(32, 'CT Scan', 'Computerized tomography for detailed imaging', 19, 5, 83),
(33, 'EKG', 'Electrocardiogram for heart function analysis', 20, 10, 37),
(34, 'X-ray', 'Radiographic imaging for bone evaluation', 21, 13, 66),
(35, 'MRI', 'Magnetic resonance imaging for detailed scans', 22, 4, 79),
(36, 'Blood Test', 'Analysis of blood samples', 23, 6, 99),
(37, 'Ultrasound', 'Imaging technique using high-frequency sound waves', 24, 11, 26),
(38, 'EKG', 'Electrocardiogram for heart function analysis', 25, 3, 16),
(39, 'CT Scan', 'Computerized tomography for detailed imaging', 26, 7, 76),
(40, 'X-ray', 'Diagnostic imaging technique', 27, 12, 87),
(41, 'Blood Test', 'Comprehensive blood analysis', 28, 5, 70),
(42, 'MRI', 'Magnetic resonance imaging', 29, 2, 21),
(43, 'Blood Test', 'Analysis of blood samples', 30, 10, 90),
(44, 'Ultrasound', 'Imaging technique using high-frequency sound waves', 31, 8, 48),
(45, 'CT Scan', 'Computerized tomography for detailed imaging', 32, 1, 62),
(46, 'EKG', 'Electrocardiogram for heart function analysis', 33, 9, 11),
(47, 'X-ray', 'Radiographic imaging for bone evaluation', 34, 6, 39),
(48, 'MRI', 'Magnetic resonance imaging for detailed scans', 35, 12, 89),
(49, 'Blood Test', 'Comprehensive blood analysis', 36, 3, 42),
(50, 'Ultrasound', 'Imaging technique using high-frequency sound waves', 37, 7, 73),
(51, 'EKG', 'Electrocardiogram for heart function analysis', 38, 2, 4),
(52, 'CT Scan', 'Computerized tomography for detailed imaging', 39, 5, 86),
(53, 'X-ray', 'Diagnostic imaging technique', 40, 8, 14),
(54, 'Blood Test', 'Analysis of blood samples', 41, 10, 29),
(55, 'MRI', 'Magnetic resonance imaging', 42, 13, 84),
(56, 'Blood Test', 'Comprehensive blood analysis', 43, 1, 22),
(57, 'Ultrasound', 'Imaging technique using high-frequency sound waves', 44, 6, 32),
(58, 'CT Scan', 'Computerized tomography for detailed imaging', 45, 11, 61),
(59, 'EKG', 'Electrocardiogram for heart function analysis', 46, 3, 68),
(60, 'X-ray', 'Radiographic imaging for bone evaluation', 47, 7, 23),
(61, 'MRI', 'Magnetic resonance imaging for detailed scans', 48, 12, 75),
(62, 'Blood Test', 'Analysis of blood samples', 49, 2, 17),
(63, 'Ultrasound', 'Imaging technique using high-frequency sound waves', 50, 9, 56);

INSERT INTO HistorialMedico (identificador, idPaciente, medicamentos, diagnosticos)
VALUES
	(1, 1, 'Aspirin', 'Headache'),
	(2, 2, 'Ibuprofen', 'Sprained ankle'),
	(3, 3, 'Paracetamol', 'Fever'),
	(4, 4, 'Paracetamol, Ibuprofen', 'Fever, Headache'),
	(5, 5, 'Amoxicillin', 'Allergic Reaction'),
	(6, 6, 'Omeprazole', 'Acid Reflux'),
	(7, 7, 'Aspirin', 'Hypertension'),
	(8, 8, 'Lisinopril', 'High Blood Pressure'),
	(9, 9, 'Simvastatin', 'High Cholesterol'),
	(10, 10, 'Metformin', 'Type 2 Diabetes'),
	(11, 11, 'Paracetamol, Ibuprofen', 'Fever, Headache'),
	(12, 12, 'Ibuprofen', 'Inflammation'),
	(13, 13, 'Amoxicillin', 'Bacterial Infection'),
	(14, 14, 'Ibuprofen, Vitamin C', 'Fever, Common cold'),
    (15, 15, 'Lisinopril, Metoprolol', 'Hypertension, Heart disease'),
    (16, 16, 'Simvastatin, Aspirin', 'High cholesterol, Stroke'),
    (17, 17, 'Metformin, Insulin', 'Type 2 Diabetes'),
    (18, 18, 'Albuterol, Fluticasone', 'Asthma'),
    (19, 19, 'Warfarin, Clopidogrel', 'Blood clotting disorder'),
    (20, 20, 'Atenolol, Digoxin', 'Arrhythmia'),
    (21, 21, 'Calcium, Vitamin D', 'Osteoporosis'),
    (22, 22, 'Levothyroxine, Methimazole', 'Thyroid disorder'),
    (23, 23, 'Metoprolol, Hydrochlorothiazide', 'Hypertension, Edema'),
    (24, 24, 'Insulin, Metformin', 'Type 2 Diabetes'),
    (25, 25, 'Albuterol, Ipratropium', 'Chronic obstructive pulmonary disease'),
    (26, 26, 'Warfarin, Aspirin', 'Atrial fibrillation, Stroke'),
    (27, 27, 'Ibuprofen, Acetaminophen', 'Headache, Fever'),
    (28, 28, 'Lisinopril, Amlodipine', 'Hypertension'),
    (29, 29, 'Simvastatin, Ezetimibe', 'High cholesterol'),
    (30, 30, 'Metformin, Liraglutide', 'Type 2 Diabetes'),
    (31, 31, 'Albuterol, Budesonide', 'Bronchial asthma'),
    (32, 32, 'Warfarin, Heparin', 'Thrombosis'),
    (33, 33, 'Atenolol, Losartan', 'Hypertension, Heart disease'),
    (34, 34, 'Calcium, Vitamin D', 'Osteoporosis'),
    (35, 35, 'Levothyroxine, Propylthiouracil', 'Hyperthyroidism'),
    (36, 36, 'Metoprolol, Hydrochlorothiazide', 'Hypertension'),
    (37, 37, 'Insulin, Metformin', 'Type 2 Diabetes'),
    (38, 38, 'Albuterol, Fluticasone', 'Asthma'),
    (39, 39, 'Warfarin, Aspirin', 'Atrial fibrillation, Stroke'),
    (40, 40, 'Ibuprofen, Acetaminophen', 'Pain relief, Fever'),
    (41, 41, 'Lisinopril, Amlodipine', 'Hypertension'),
    (42, 42, 'Simvastatin, Ezetimibe', 'High cholesterol'),
    (43, 43, 'Metformin, Liraglutide', 'Type 2 Diabetes'),
    (44, 44, 'Albuterol, Budesonide', 'Bronchial asthma'),
    (45, 45, 'Warfarin, Heparin', 'Thrombosis'),
    (46, 46, 'Atenolol, Losartan', 'Hypertension, Heart disease'),
    (47, 47, 'Calcium, Vitamin D', 'Osteoporosis'),
    (48, 48, 'Levothyroxine, Propylthiouracil', 'Hyperthyroidism'),
    (49, 49, 'Metoprolol, Hydrochlorothiazide', 'Hypertension'),
    (50, 50, 'Insulin, Metformin', 'Type 2 Diabetes');
